input	<input_uBAM_file - full path>
outdir	<output_dir - full path>
setname	<set name - what the analysis is called>
mapref	<fasta_file_alignment_reference - ie genome.fasta, or custom.fasta, or blank if no reference provided>
autoref	
thread	<num_threads to use>
config	<1/2 which config is library?>
lfs	<lfs_sequence - eg - GTAATGTGGAAAGGACGAAACACCGCACCG>
rfs	<rfs_sequence - eg - GTTTCTTGAAAAAGTGGCACCGAGTCGGTA>
bbs	<backbone_sequence - eg - aggagccaccatggccccaaagaagaagcg>
slen	<read_search_length_to_use>
